email_id,phone_number,invoice_id,ticket_id,amount,order_id
5476,"1783661758115, 9006167262973186107",,,,
5475,4657919726265203582,,,,
5474,"50
     
      23",,,,
5473,"20260709094952024368, 202607090949521680235, 20260709094952214442, 202607090949522547486, 20260709094952299571, 20260709094952343181, 20260709094952385588, 202607090949524286793, 202607090949525546411, 20260709094952666211, 202607090949527230615, 202607090949527687760, 2026070909495280588381, 202607090949528404512, 20260709094952874059, 20260709094952910691",,,,
5472,"50
     
      23",,,,
